{"cameraMode":{"drawMode":0,"name":"Shaded","section":"Shading Mode"},"sceneLighting":true,"audioPlay":false,"sceneViewState":{"m_AlwaysRefresh":false,"showFog":true,"showSkybox":true,"showFlares":true,"showImageEffects":true,"showParticleSystems":true,"showVisualEffectGraphs":true,"m_FxEnabled":true},"in2DMode":false,"pivot":{"x":8.909480094909668,"y":2.040088415145874,"z":13.629233360290528},"rotation":{"x":0.16499315202236176,"y":-0.5040366649627686,"z":0.09876616299152374,"w":0.8420080542564392},"size":0.04716929793357849,"orthographic":false}