{"cameraMode":{"drawMode":0,"name":"Shaded","section":"Shading Mode"},"sceneLighting":true,"audioPlay":false,"sceneViewState":{"m_AlwaysRefresh":false,"showFog":true,"showSkybox":true,"showFlares":true,"showImageEffects":true,"showParticleSystems":true,"showVisualEffectGraphs":true,"m_FxEnabled":true},"in2DMode":false,"pivot":{"x":6.559463024139404,"y":3.604719877243042,"z":18.132286071777345},"rotation":{"x":0.05966370180249214,"y":-0.44713225960731509,"z":0.031146278604865075,"w":0.8919357061386108},"size":3.2043824195861818,"orthographic":false}