{"cameraMode":{"drawMode":0,"name":"Shaded","section":"Shading Mode"},"sceneLighting":true,"audioPlay":false,"sceneViewState":{"m_AlwaysRefresh":false,"showFog":true,"showSkybox":true,"showFlares":true,"showImageEffects":true,"showParticleSystems":true,"showVisualEffectGraphs":true,"m_FxEnabled":true},"in2DMode":false,"pivot":{"x":8.395191192626954,"y":1.6054210662841797,"z":14.13875675201416},"rotation":{"x":0.15849818289279939,"y":-0.5643397569656372,"z":0.11146224290132523,"w":0.8024826049804688},"size":0.15168015658855439,"orthographic":false}